{
  "success_rate": 0.925757357067468,
  "video_mse": 0.05660379298589295,
  "completion_time": 8.640495606606889,
  "robustness_score": 0.9755050768851952,
  "num_sub_tasks": 3
}