{
  "success_rate": 0.7716787078366857,
  "video_mse": 0.022337852977730235,
  "completion_time": 9.58457126028093,
  "robustness_score": 0.8649910634950057
}