{
  "success_rate": 1.0,
  "action_l2_error": 0.10555564919192684,
  "video_mse": 0.0011747227566170015,
  "completion_time": 2.125090663135052,
  "robustness_score": 0.8944443508080732
}