{
  "success_rate": 0.1,
  "action_l2_error": 0.1923252805446687,
  "video_mse": 0.005059865459245776,
  "completion_time": 2.1307567089796065,
  "robustness_score": 0.8076747194553313,
  "num_eval_steps": 10,
  "error_threshold": 0.12
}