{
  "success_rate": 0.7680261607240741,
  "video_mse": 0.05198184134881666,
  "completion_time": 11.60993093755152,
  "robustness_score": 0.9914790231846103,
  "num_sub_tasks": 3
}