{
  "success_rate": 0.7125972273141272,
  "video_mse": 0.019960748017808977,
  "completion_time": 8.507684001381453,
  "robustness_score": 0.911481306287775
}