{
  "success_rate": 0.8688567786681225,
  "video_mse": 0.04217477056761288,
  "completion_time": 9.776873086868601,
  "robustness_score": 0.9842504797461076,
  "num_sub_tasks": 3
}