{
  "success_rate": 1.0,
  "action_l2_error": 0.12998858765995602,
  "video_mse": 0.0025267694002689403,
  "completion_time": 7.451726065017283,
  "robustness_score": 0.870011412340044,
  "num_sub_tasks": 1,
  "sub_instructions": [
    "task_2996"
  ],
  "sub_task_assignments": [
    0,
    0,
    0,
    0,
    0
  ]
}