{
  "success_rate": 1.0,
  "action_l2_error": 0.11765353047714497,
  "video_mse": 0.0056460460913771975,
  "completion_time": 3.9696235109120606,
  "robustness_score": 0.882346469522855,
  "num_sub_tasks": 1,
  "sub_instructions": [
    "task_2627"
  ],
  "sub_task_assignments": [
    0,
    0,
    0,
    0,
    0
  ]
}