{
  "success_rate": 0.9253449002877576,
  "video_mse": 0.09205716669547952,
  "completion_time": 9.831254111173436,
  "robustness_score": 0.970795051902672,
  "num_sub_tasks": 3
}