{
  "success_rate": 0.7642835871684692,
  "video_mse": 0.030653224292980064,
  "completion_time": 9.730074499674117,
  "robustness_score": 0.9872328164714863,
  "num_sub_tasks": 3
}