{
  "success_rate": 1.0,
  "action_l2_error": 0.06560300487370732,
  "video_mse": 0.0,
  "completion_time": 2.114784807898104,
  "robustness_score": 0.9343969951262927,
  "num_sub_tasks": 1,
  "sub_instructions": [
    "task_2996"
  ],
  "sub_task_assignments": [
    0,
    0
  ]
}