{
  "success_rate": 0.9152457500364392,
  "video_mse": 0.03494048098357785,
  "completion_time": 10.461499211708539,
  "robustness_score": 0.8717705425502064
}