{
  "success_rate": 1.0,
  "action_l2_error": 0.08680577865440067,
  "video_mse": 0.0017608636367946017,
  "completion_time": 2.1233697835356,
  "robustness_score": 0.9131942213455994,
  "num_sub_tasks": 1,
  "sub_instructions": [
    "task_5069"
  ],
  "sub_task_assignments": [
    0,
    0,
    0,
    0,
    0
  ]
}