{
  "success_rate": 0.8293593430391227,
  "video_mse": 0.05190270256114556,
  "completion_time": 11.207311983652488,
  "robustness_score": 0.9720049101050897
}