{
  "success_rate": 1.0,
  "action_l2_error": 0.1997779156550415,
  "video_mse": 0.008150820576279779,
  "completion_time": 2.1289427472278475,
  "robustness_score": 0.8002220843449586
}