{
  "success_rate": 1.0,
  "action_l2_error": 0.12998858765995602,
  "video_mse": 0.0025267694002689403,
  "completion_time": 2.1244922794401644,
  "robustness_score": 0.870011412340044
}