{
  "success_rate": 0.7345118952690952,
  "video_mse": 0.01284962612879687,
  "completion_time": 12.87859455136034,
  "robustness_score": 0.8273353292358709
}