{
  "success_rate": 1.0,
  "action_l2_error": 0.08793574198635828,
  "video_mse": 0.0017336840046153518,
  "completion_time": 2.1311279805377126,
  "robustness_score": 0.9120642580136418
}