{
  "success_rate": 1.0,
  "action_l2_error": 0.15797951508451683,
  "video_mse": 0.0033225708761041328,
  "completion_time": 2.130245516449213,
  "robustness_score": 0.8420204849154832
}