{
  "success_rate": 1.0,
  "action_l2_error": 0.08138559381752801,
  "video_mse": 0.00051283080962415,
  "completion_time": 2.1165111378456154,
  "robustness_score": 0.918614406182472,
  "num_sub_tasks": 1,
  "sub_instructions": [
    "task_3090"
  ],
  "sub_task_assignments": [
    0,
    0,
    0,
    0
  ]
}