{
  "success_rate": 1.0,
  "action_l2_error": 0.06776258806299021,
  "video_mse": 0.002457733011068159,
  "completion_time": 2.1466575250029565,
  "robustness_score": 0.9322374119370098,
  "num_sub_tasks": 1,
  "sub_instructions": [
    "task_2953"
  ],
  "sub_task_assignments": [
    0,
    0,
    0,
    0,
    0
  ]
}