{
  "success_rate": 1.0,
  "action_l2_error": 0.11765353047714497,
  "video_mse": 0.0056460460913771975,
  "completion_time": 2.103937146998942,
  "robustness_score": 0.882346469522855
}