{
  "success_rate": 1.0,
  "action_l2_error": 0.1027582669698898,
  "video_mse": 0.0023468891052845805,
  "completion_time": 2.1242643313482406,
  "robustness_score": 0.8972417330301102
}