{
  "success_rate": 1.0,
  "action_l2_error": 0.16815927758787153,
  "video_mse": 0.010584823636715446,
  "completion_time": 2.1150297759100796,
  "robustness_score": 0.8318407224121285,
  "num_sub_tasks": 1,
  "sub_instructions": [
    "task_4192"
  ],
  "sub_task_assignments": [
    0,
    0,
    0,
    0,
    0
  ]
}