{
  "success_rate": 1.0,
  "action_l2_error": 0.16310842964982553,
  "video_mse": 0.0034426778546298095,
  "completion_time": 5.727018702216446,
  "robustness_score": 0.8368915703501745,
  "num_sub_tasks": 1,
  "sub_instructions": [
    "task_2856"
  ],
  "sub_task_assignments": [
    0,
    0,
    0,
    0,
    0
  ]
}