{
  "success_rate": 0.9482858043057512,
  "video_mse": 0.03819648907210173,
  "completion_time": 11.267576335392867,
  "robustness_score": 0.8561444387313163,
  "num_sub_tasks": 3
}