{
  "success_rate": 1.0,
  "action_l2_error": 0.10452388675518284,
  "video_mse": 0.004028907307777501,
  "completion_time": 3.97668234128505,
  "robustness_score": 0.8954761132448171,
  "num_sub_tasks": 1,
  "sub_instructions": [
    "task_3133"
  ],
  "sub_task_assignments": [
    0,
    0,
    0,
    0,
    0
  ]
}