{
  "success_rate": 0.9153656973795007,
  "video_mse": 0.02284471144749011,
  "completion_time": 10.491149313218614,
  "robustness_score": 0.9681891718436514,
  "num_sub_tasks": 3
}