{
  "success_rate": 0.9201334349622727,
  "video_mse": 0.07477833546668106,
  "completion_time": 7.397784619093909,
  "robustness_score": 0.9905784485659811,
  "num_sub_tasks": 3
}