{
  "success_rate": 0.6,
  "action_l2_error": 0.13027682687952616,
  "video_mse": 0.009054388772160648,
  "completion_time": 2.1352494940161706,
  "robustness_score": 0.8697231731204739,
  "num_eval_steps": 10,
  "error_threshold": 0.14
}