{
  "success_rate": 1.0,
  "action_l2_error": 0.18693059702537065,
  "video_mse": 0.012534712565942319,
  "completion_time": 2.331630021519959,
  "robustness_score": 0.8130694029746294
}