{
  "success_rate": 1.0,
  "action_l2_error": 0.09286146157763056,
  "video_mse": 0.003984801163786308,
  "completion_time": 2.126389559172094,
  "robustness_score": 0.9071385384223695
}