{
  "success_rate": 1.0,
  "action_l2_error": 0.09721753825645683,
  "video_mse": 0.0020534615042040907,
  "completion_time": 2.1171121190612516,
  "robustness_score": 0.9027824617435432,
  "num_sub_tasks": 1,
  "sub_instructions": [
    "task_2996"
  ],
  "sub_task_assignments": [
    0,
    0,
    0,
    0
  ]
}