{
  "success_rate": 1.0,
  "action_l2_error": 0.20332568967340378,
  "video_mse": 0.009011228495535853,
  "completion_time": 2.1221516305580734,
  "robustness_score": 0.7966743103265962,
  "num_sub_tasks": 1,
  "sub_instructions": [
    "task_3791"
  ],
  "sub_task_assignments": [
    0,
    0,
    0,
    0,
    0
  ]
}