{
  "success_rate": 1.0,
  "action_l2_error": 0.14949999390884225,
  "video_mse": 0.014148126184469405,
  "completion_time": 2.12385339345783,
  "robustness_score": 0.8505000060911577
}