{
  "success_rate": 0.8264311281014083,
  "video_mse": 0.08377499371947558,
  "completion_time": 10.358270234656008,
  "robustness_score": 0.9938640934864699,
  "num_sub_tasks": 3
}