{
  "success_rate": 0.8706227767389884,
  "video_mse": 0.07500167642852293,
  "completion_time": 7.690583923979435,
  "robustness_score": 0.9845475419558403,
  "num_sub_tasks": 3
}