{
  "success_rate": 0.8960405844747579,
  "video_mse": 0.045091232711414415,
  "completion_time": 9.039945320306366,
  "robustness_score": 0.8575271712572676,
  "num_sub_tasks": 3
}