{
  "success_rate": 0.7,
  "action_l2_error": 0.10571959912101576,
  "video_mse": 0.0014449232051015682,
  "completion_time": 2.1324328031390904,
  "robustness_score": 0.8942804008789842,
  "num_eval_steps": 10,
  "error_threshold": 0.14
}