{
  "success_rate": 0.8776282041044878,
  "video_mse": 0.032763131758866214,
  "completion_time": 11.342830665365064,
  "robustness_score": 0.8319292961602395
}