{
  "success_rate": 1.0,
  "action_l2_error": 0.10936719068087704,
  "video_mse": 0.003000964386457884,
  "completion_time": 2.115585985966027,
  "robustness_score": 0.8906328093191229,
  "num_sub_tasks": 1,
  "sub_instructions": [
    "task_4054"
  ],
  "sub_task_assignments": [
    0,
    0,
    0,
    0,
    0
  ]
}