{
  "success_rate": 1.0,
  "action_l2_error": 0.10677822408025708,
  "video_mse": 0.004810845571602478,
  "completion_time": 2.608019906654954,
  "robustness_score": 0.8932217759197429,
  "num_sub_tasks": 1,
  "sub_instructions": [
    "task_1171"
  ],
  "sub_task_assignments": [
    0,
    0,
    0,
    0,
    0
  ]
}