{
  "success_rate": 0.7,
  "action_l2_error": 0.10080075977549019,
  "video_mse": 0.005232522787524155,
  "completion_time": 4.3813849616795775,
  "robustness_score": 0.8991992402245098,
  "num_eval_steps": 10,
  "error_threshold": 0.12
}