{
  "success_rate": 1.0,
  "action_l2_error": 0.10500894139031317,
  "video_mse": 0.0031799962280888465,
  "completion_time": 2.1303485658019783,
  "robustness_score": 0.8949910586096869
}