{
  "success_rate": 1.0,
  "action_l2_error": 0.1308372908911652,
  "video_mse": 0.0016690556036688883,
  "completion_time": 2.1163321577012537,
  "robustness_score": 0.8691627091088348
}