{
  "success_rate": 0.9200926078716908,
  "video_mse": 0.01637043513273551,
  "completion_time": 11.193009190402961,
  "robustness_score": 0.8564020276329559
}