{
  "success_rate": 0.926724291857876,
  "video_mse": 0.08030437079982226,
  "completion_time": 14.116031129904865,
  "robustness_score": 0.977576569181201
}