{
  "success_rate": 1.0,
  "action_l2_error": 0.12606667251793002,
  "video_mse": 0.0062961529501504325,
  "completion_time": 2.1041151417419313,
  "robustness_score": 0.87393332748207,
  "num_sub_tasks": 1,
  "sub_instructions": [
    "task_3644"
  ],
  "sub_task_assignments": [
    0,
    0,
    0,
    0,
    0
  ]
}