{
  "success_rate": 0.856338876713695,
  "video_mse": 0.03980902399225385,
  "completion_time": 14.488429376595265,
  "robustness_score": 0.8784907339427973
}