{
  "success_rate": 0.9407009937868748,
  "video_mse": 0.06081031957136758,
  "completion_time": 7.410548602157412,
  "robustness_score": 0.8990703819032011,
  "num_sub_tasks": 3
}