{
  "success_rate": 1.0,
  "action_l2_error": 0.1119770344717081,
  "video_mse": 0.002606576467743653,
  "completion_time": 2.1231214754283427,
  "robustness_score": 0.8880229655282919
}