{
  "success_rate": 0.8856595998061864,
  "video_mse": 0.07873217250052414,
  "completion_time": 7.242644180954166,
  "robustness_score": 0.9859448292906352,
  "num_sub_tasks": 3
}