{
  "success_rate": 1.0,
  "action_l2_error": 0.05747977758137329,
  "video_mse": 0.0012331064042165533,
  "completion_time": 4.844687068089843,
  "robustness_score": 0.9425202224186267,
  "num_sub_tasks": 1,
  "sub_instructions": [
    "task_2953"
  ],
  "sub_task_assignments": [
    0,
    0,
    0,
    0,
    0
  ]
}