{
  "success_rate": 1.0,
  "action_l2_error": 0.16555708701027785,
  "video_mse": 0.008232582844073333,
  "completion_time": 2.11144303586334,
  "robustness_score": 0.8344429129897222
}