{
  "success_rate": 1.0,
  "action_l2_error": 0.16310842964982553,
  "video_mse": 0.0034426778546298095,
  "completion_time": 2.1167326759546996,
  "robustness_score": 0.8368915703501745
}