{
  "success_rate": 1.0,
  "action_l2_error": 0.13475284391678796,
  "video_mse": 0.0029263539896128604,
  "completion_time": 2.1298903023824094,
  "robustness_score": 0.865247156083212
}