{
  "success_rate": 1.0,
  "action_l2_error": 0.08308375676669913,
  "video_mse": 0.0013777707271645007,
  "completion_time": 2.1360088236629964,
  "robustness_score": 0.9169162432333009,
  "num_sub_tasks": 1,
  "sub_instructions": [
    "task_3647"
  ],
  "sub_task_assignments": [
    0,
    0,
    0,
    0,
    0
  ]
}