{
  "success_rate": 0.9164005050652574,
  "video_mse": 0.03727416707753794,
  "completion_time": 7.178608219847099,
  "robustness_score": 0.8565127773787007,
  "num_sub_tasks": 3
}