{
  "success_rate": 0.8873503786697469,
  "video_mse": 0.033185457477353436,
  "completion_time": 9.996580459108987,
  "robustness_score": 0.9982450449604521,
  "num_sub_tasks": 3
}