{
  "success_rate": 0.9161626543269983,
  "video_mse": 0.02634739558384676,
  "completion_time": 9.314371728509123,
  "robustness_score": 0.8747881337787028,
  "num_sub_tasks": 3
}