{
  "success_rate": 0.8005548469996823,
  "video_mse": 0.0977130694726842,
  "completion_time": 9.073985147857258,
  "robustness_score": 0.896154387671272
}