{
  "success_rate": 0.5,
  "action_l2_error": 0.13424921549206587,
  "video_mse": 0.0047326382647237845,
  "completion_time": 2.3630425286479295,
  "robustness_score": 0.8657507845079342,
  "num_eval_steps": 10,
  "error_threshold": 0.12
}