{
  "success_rate": 0.8821169166916145,
  "video_mse": 0.015078621463651895,
  "completion_time": 11.804780257754647,
  "robustness_score": 0.859620099895579,
  "num_sub_tasks": 3
}