{
  "success_rate": 1.0,
  "action_l2_error": 0.18354491629617026,
  "video_mse": 0.007130990359671507,
  "completion_time": 4.803306534327566,
  "robustness_score": 0.8164550837038298,
  "num_sub_tasks": 1,
  "sub_instructions": [
    "task_2882"
  ],
  "sub_task_assignments": [
    0,
    0,
    0,
    0,
    0
  ]
}