{
  "success_rate": 1.0,
  "action_l2_error": 0.09445077819477928,
  "video_mse": 0.0031372156885132417,
  "completion_time": 3.0795904979109765,
  "robustness_score": 0.9055492218052207,
  "num_sub_tasks": 1,
  "sub_instructions": [
    "task_4269"
  ],
  "sub_task_assignments": [
    0,
    0,
    0,
    0,
    0
  ]
}