{
  "success_rate": 1.0,
  "action_l2_error": 0.09899695756264967,
  "video_mse": 0.0014372959123402495,
  "completion_time": 2.3306119782850145,
  "robustness_score": 0.9010030424373503
}