{
  "success_rate": 0.3,
  "action_l2_error": 0.19044585367899744,
  "video_mse": 0.005595836135108239,
  "completion_time": 2.13101786961779,
  "robustness_score": 0.8095541463210025,
  "num_eval_steps": 10,
  "error_threshold": 0.14
}