{
  "success_rate": 0.828548403381289,
  "video_mse": 0.03811890119128891,
  "completion_time": 10.433735316102988,
  "robustness_score": 0.9820200659837383,
  "num_sub_tasks": 3
}