{
  "success_rate": 1.0,
  "action_l2_error": 0.03440857345858518,
  "video_mse": 0.0,
  "completion_time": 2.106766542419791,
  "robustness_score": 0.9655914265414148,
  "num_sub_tasks": 1,
  "sub_instructions": [
    "task_4137"
  ],
  "sub_task_assignments": [
    0,
    0
  ]
}