{
  "success_rate": 1.0,
  "action_l2_error": 0.18354491629617026,
  "video_mse": 0.007130990359671507,
  "completion_time": 2.114228011295199,
  "robustness_score": 0.8164550837038298
}