{
  "success_rate": 1.0,
  "action_l2_error": 0.12731663957349587,
  "video_mse": 0.00347136857869858,
  "completion_time": 2.119225625321269,
  "robustness_score": 0.8726833604265041
}