{
  "success_rate": 1.0,
  "action_l2_error": 0.08424707583193371,
  "video_mse": 0.0012342852948927208,
  "completion_time": 2.120734020322561,
  "robustness_score": 0.9157529241680663
}