{
  "success_rate": 0.7956187461062922,
  "video_mse": 0.02723514308611283,
  "completion_time": 7.054145268357265,
  "robustness_score": 0.8263978916392569,
  "num_sub_tasks": 3
}