{
  "success_rate": 0.9398007295430214,
  "video_mse": 0.013309015260517035,
  "completion_time": 6.271735522991909,
  "robustness_score": 0.9989760348644622,
  "num_sub_tasks": 3
}