{
  "success_rate": 0.7734144153913105,
  "video_mse": 0.012048018188434206,
  "completion_time": 8.879531325098043,
  "robustness_score": 0.9358252559646989
}