{
  "success_rate": 0.9125569969966403,
  "video_mse": 0.07235443322475854,
  "completion_time": 7.594776659412334,
  "robustness_score": 0.8559203459886231,
  "num_sub_tasks": 3
}