{
  "success_rate": 0.8,
  "action_l2_error": 0.13424921549206587,
  "video_mse": 0.0047326382647237845,
  "completion_time": 4.302960224542767,
  "robustness_score": 0.8657507845079342,
  "num_eval_steps": 10,
  "error_threshold": 0.18
}