{
  "success_rate": 1.0,
  "action_l2_error": 0.043600393391145756,
  "video_mse": 0.0007403580149857185,
  "completion_time": 2.1223067860119045,
  "robustness_score": 0.9563996066088543,
  "num_sub_tasks": 1,
  "sub_instructions": [
    "task_1171"
  ],
  "sub_task_assignments": [
    0,
    0,
    0
  ]
}