{
  "success_rate": 0.9208458835475725,
  "video_mse": 0.0783633279711372,
  "completion_time": 9.742097387842314,
  "robustness_score": 0.9667409176016637
}