{
  "success_rate": 0.6,
  "action_l2_error": 0.09741251889689902,
  "video_mse": 0.0028736015369042094,
  "completion_time": 2.128180118370801,
  "robustness_score": 0.9025874811031009,
  "num_eval_steps": 10,
  "error_threshold": 0.1
}