{
  "success_rate": 1.0,
  "action_l2_error": 0.13229077019244834,
  "video_mse": 0.006331503131366438,
  "completion_time": 2.10740230884403,
  "robustness_score": 0.8677092298075517
}