{
  "success_rate": 0.8768096429134583,
  "video_mse": 0.09266424541819143,
  "completion_time": 9.052566568007576,
  "robustness_score": 0.9186225251941454,
  "num_sub_tasks": 3
}