{
  "success_rate": 1.0,
  "action_l2_error": 0.09236928061823795,
  "video_mse": 0.004044617615353307,
  "completion_time": 2.1219712601974607,
  "robustness_score": 0.9076307193817621,
  "num_sub_tasks": 1,
  "sub_instructions": [
    "task_3731"
  ],
  "sub_task_assignments": [
    0,
    0,
    0,
    0,
    0
  ]
}