{
  "success_rate": 0.9381641154487299,
  "video_mse": 0.07343189097778097,
  "completion_time": 9.215807625241698,
  "robustness_score": 0.9694362131111219,
  "num_sub_tasks": 3
}