{
  "success_rate": 0.8252674774636273,
  "video_mse": 0.041600011773737455,
  "completion_time": 5.8154959985170365,
  "robustness_score": 0.8187979168725682
}