{
  "success_rate": 0.8210129661560478,
  "video_mse": 0.05592507199648859,
  "completion_time": 8.997001433707819,
  "robustness_score": 0.8838108877456926
}