{
  "success_rate": 0.7669525580789124,
  "video_mse": 0.038230461672119714,
  "completion_time": 11.059521256235172,
  "robustness_score": 0.8358223076145158
}