{
  "success_rate": 0.7974343113074454,
  "video_mse": 0.024277127733801432,
  "completion_time": 14.809023564545079,
  "robustness_score": 0.992232648126468
}