{
  "success_rate": 1.0,
  "action_l2_error": 0.06632740044670331,
  "video_mse": 0.0009218003781660664,
  "completion_time": 2.1256044436246158,
  "robustness_score": 0.9336725995532967
}