{
  "success_rate": 0.7708177595312193,
  "video_mse": 0.024470854808690365,
  "completion_time": 13.94528560762571,
  "robustness_score": 0.994548941566455
}