{
  "success_rate": 1.0,
  "action_l2_error": 0.11704172599251488,
  "video_mse": 0.004562192827755843,
  "completion_time": 2.1293122151866557,
  "robustness_score": 0.8829582740074852
}