{
  "success_rate": 1.0,
  "action_l2_error": 0.21085574649834032,
  "video_mse": 0.012371333372243328,
  "completion_time": 2.1298055997118355,
  "robustness_score": 0.7891442535016597
}