{
  "success_rate": 0.9384518603661466,
  "video_mse": 0.015275539385293036,
  "completion_time": 13.02829118158609,
  "robustness_score": 0.8927296722072169
}