{
  "success_rate": 1.0,
  "action_l2_error": 0.1308372908911652,
  "video_mse": 0.0016690556036688883,
  "completion_time": 2.1119289128109813,
  "robustness_score": 0.8691627091088348,
  "num_sub_tasks": 1,
  "sub_instructions": [
    "task_2856"
  ],
  "sub_task_assignments": [
    0,
    0,
    0,
    0,
    0
  ]
}