{
  "success_rate": 0.8403328527155512,
  "video_mse": 0.05149609406338324,
  "completion_time": 6.356954482189053,
  "robustness_score": 0.9734272641268596,
  "num_sub_tasks": 3
}