{
  "success_rate": 0.7244429144679343,
  "video_mse": 0.019346236120928707,
  "completion_time": 14.555415060784107,
  "robustness_score": 0.9750344022173609
}