{
  "success_rate": 0.8550154063418103,
  "video_mse": 0.046930290378170654,
  "completion_time": 11.689942179337713,
  "robustness_score": 0.9080562227580893,
  "num_sub_tasks": 3
}