{
  "success_rate": 1.0,
  "action_l2_error": 0.0776069361082879,
  "video_mse": 0.004417333546109607,
  "completion_time": 2.331201226450503,
  "robustness_score": 0.9223930638917122
}