{
  "success_rate": 1.0,
  "action_l2_error": 0.09733136125221946,
  "video_mse": 0.003434445580449545,
  "completion_time": 2.1294702867046,
  "robustness_score": 0.9026686387477806
}