{
  "success_rate": 0.8,
  "action_l2_error": 0.08338329709094974,
  "video_mse": 0.0014141681319128328,
  "completion_time": 4.396464289352298,
  "robustness_score": 0.9166167029090503,
  "num_eval_steps": 10,
  "error_threshold": 0.12
}