{
  "success_rate": 1.0,
  "action_l2_error": 0.08680577865440067,
  "video_mse": 0.0017608636367946017,
  "completion_time": 2.1242662386968734,
  "robustness_score": 0.9131942213455994
}