{
  "success_rate": 0.8469925020888276,
  "video_mse": 0.09321540658668315,
  "completion_time": 6.000700726985322,
  "robustness_score": 0.9969229193200744
}