{
  "success_rate": 0.7745827511754313,
  "video_mse": 0.07900817068370883,
  "completion_time": 10.371142171202344,
  "robustness_score": 0.8485484531650457
}