{
  "success_rate": 0.8295367102322687,
  "video_mse": 0.01908068222219863,
  "completion_time": 6.4472193595092575,
  "robustness_score": 0.9904737297221683,
  "num_sub_tasks": 3
}