{
  "success_rate": 1.0,
  "action_l2_error": 0.12187662935138417,
  "video_mse": 0.003437857979700971,
  "completion_time": 2.1299581425264478,
  "robustness_score": 0.8781233706486158
}