{
  "success_rate": 1.0,
  "action_l2_error": 0.1242734275089569,
  "video_mse": 0.008953058835366363,
  "completion_time": 2.1272469447925686,
  "robustness_score": 0.8757265724910431
}