{
  "success_rate": 1.0,
  "action_l2_error": 0.1662566135223375,
  "video_mse": 0.008711181877681065,
  "completion_time": 2.1285623967647553,
  "robustness_score": 0.8337433864776624
}