{
  "success_rate": 0.7951253606452229,
  "video_mse": 0.013190722723895406,
  "completion_time": 11.128862911702853,
  "robustness_score": 0.8493310569307976
}