{
  "success_rate": 0.9419506054919088,
  "video_mse": 0.06150491736078857,
  "completion_time": 8.831687877642176,
  "robustness_score": 0.9005647505214687,
  "num_sub_tasks": 3
}