{
  "success_rate": 0.9062372365058191,
  "video_mse": 0.06820599580246736,
  "completion_time": 8.939426807598501,
  "robustness_score": 0.8378788107980443
}