{
  "success_rate": 1.0,
  "action_l2_error": 0.12696369185614648,
  "video_mse": 0.001221124630035811,
  "completion_time": 7.50852206107229,
  "robustness_score": 0.8730363081438535,
  "num_sub_tasks": 1,
  "sub_instructions": [
    "task_2885"
  ],
  "sub_task_assignments": [
    0,
    0,
    0,
    0,
    0
  ]
}