{
  "success_rate": 1.0,
  "action_l2_error": 0.10422745594208242,
  "video_mse": 0.0018346574267090548,
  "completion_time": 2.11794505212456,
  "robustness_score": 0.8957725440579176
}