{
  "success_rate": 1.0,
  "action_l2_error": 0.12256596582019541,
  "video_mse": 0.0043550848932931655,
  "completion_time": 2.122384006716311,
  "robustness_score": 0.8774340341798046
}