{
  "success_rate": 1.0,
  "action_l2_error": 0.12696369185614648,
  "video_mse": 0.001221124630035811,
  "completion_time": 2.11655981913209,
  "robustness_score": 0.8730363081438535
}