{
  "success_rate": 0.8109074803734955,
  "video_mse": 0.03670123231370398,
  "completion_time": 6.889796120668214,
  "robustness_score": 0.9847897457554307,
  "num_sub_tasks": 3
}