{
  "success_rate": 1.0,
  "action_l2_error": 0.10971653610264395,
  "video_mse": 0.004461460245514887,
  "completion_time": 2.1140107134357096,
  "robustness_score": 0.890283463897356
}