{
  "success_rate": 1.0,
  "action_l2_error": 0.14246760404112208,
  "video_mse": 0.0034689313756396715,
  "completion_time": 2.305582938529551,
  "robustness_score": 0.8575323959588779
}