{
  "success_rate": 0.761821697374446,
  "video_mse": 0.09126519789771907,
  "completion_time": 10.86780878490504,
  "robustness_score": 0.8859400080193736,
  "num_sub_tasks": 3
}