{
  "success_rate": 0.8658274379750068,
  "video_mse": 0.06255516124071488,
  "completion_time": 8.866737123838146,
  "robustness_score": 0.8303225822464022,
  "num_sub_tasks": 3
}