{
  "success_rate": 0.8442322184661472,
  "video_mse": 0.031054834039903265,
  "completion_time": 7.402618683118197,
  "robustness_score": 0.8305619131590533,
  "num_sub_tasks": 3
}