{
  "success_rate": 0.6,
  "action_l2_error": 0.1180091664029713,
  "video_mse": 0.0055643016360852025,
  "completion_time": 4.384152216371149,
  "robustness_score": 0.8819908335970287,
  "num_eval_steps": 10,
  "error_threshold": 0.12
}