{
  "success_rate": 0.7908861020161894,
  "video_mse": 0.07759569426022031,
  "completion_time": 6.98343518843396,
  "robustness_score": 0.8931713107959415,
  "num_sub_tasks": 3
}