{
  "success_rate": 1.0,
  "action_l2_error": 0.15319269252190654,
  "video_mse": 0.007657190793054375,
  "completion_time": 2.1205618478357793,
  "robustness_score": 0.8468073074780935
}