{
  "success_rate": 1.0,
  "action_l2_error": 0.16555708701027785,
  "video_mse": 0.008232582844073333,
  "completion_time": 3.5870082492008803,
  "robustness_score": 0.8344429129897222,
  "num_sub_tasks": 1,
  "sub_instructions": [
    "task_962"
  ],
  "sub_task_assignments": [
    0,
    0,
    0,
    0,
    0
  ]
}