{
  "success_rate": 1.0,
  "action_l2_error": 0.18154504979434885,
  "video_mse": 0.009805943415025694,
  "completion_time": 2.126725827716291,
  "robustness_score": 0.8184549502056512
}