{
  "success_rate": 0.9002952410800756,
  "video_mse": 0.08129877306672906,
  "completion_time": 10.989696615398369,
  "robustness_score": 0.9239391386312195,
  "num_sub_tasks": 3
}