{
  "success_rate": 0.8089162269925009,
  "video_mse": 0.06606539356226492,
  "completion_time": 9.564332549736378,
  "robustness_score": 0.8599776979790688,
  "num_sub_tasks": 3
}