{
  "success_rate": 0.4,
  "action_l2_error": 0.1097618116347305,
  "video_mse": 0.0017393132736905875,
  "completion_time": 2.124716087151319,
  "robustness_score": 0.8902381883652695,
  "num_eval_steps": 10,
  "error_threshold": 0.1
}