{
  "success_rate": 1.0,
  "action_l2_error": 0.09301792779014452,
  "video_mse": 0.0028259782466425413,
  "completion_time": 2.1181816635653377,
  "robustness_score": 0.9069820722098555
}