{
  "success_rate": 1.0,
  "action_l2_error": 0.10086097880019032,
  "video_mse": 0.003684069271892558,
  "completion_time": 2.1304031716659666,
  "robustness_score": 0.8991390211998097
}