{
  "success_rate": 0.8375137318260901,
  "video_mse": 0.06676925795422647,
  "completion_time": 14.268675754959052,
  "robustness_score": 0.8368912318686066
}