{
  "success_rate": 0.8467145274015271,
  "video_mse": 0.012090453491635938,
  "completion_time": 10.275837409033024,
  "robustness_score": 0.9751806585232381,
  "num_sub_tasks": 3
}