{
  "success_rate": 1.0,
  "action_l2_error": 0.15319269252190654,
  "video_mse": 0.007657190793054375,
  "completion_time": 3.9165535187348723,
  "robustness_score": 0.8468073074780935,
  "num_sub_tasks": 1,
  "sub_instructions": [
    "task_1189"
  ],
  "sub_task_assignments": [
    0,
    0,
    0,
    0,
    0
  ]
}