{
  "success_rate": 0.5,
  "action_l2_error": 0.12741945893145004,
  "video_mse": 0.006295487401372914,
  "completion_time": 4.395474747940898,
  "robustness_score": 0.87258054106855,
  "num_eval_steps": 10,
  "error_threshold": 0.12
}