{
  "success_rate": 1.0,
  "action_l2_error": 0.13224901170882503,
  "video_mse": 0.004190601978847284,
  "completion_time": 2.1247789995744824,
  "robustness_score": 0.8677509882911749,
  "num_sub_tasks": 1,
  "sub_instructions": [
    "task_4962"
  ],
  "sub_task_assignments": [
    0,
    0,
    0,
    0,
    0
  ]
}