{
  "success_rate": 0.7683291571416058,
  "video_mse": 0.032425152097154304,
  "completion_time": 7.609077157808871,
  "robustness_score": 0.9830222080259184,
  "num_sub_tasks": 3
}