{
  "success_rate": 0.7523783532002167,
  "video_mse": 0.01740402192037521,
  "completion_time": 11.648497665053608,
  "robustness_score": 0.9528610085458453,
  "num_sub_tasks": 3
}