{
  "success_rate": 0.7678117183102822,
  "video_mse": 0.09611366889572143,
  "completion_time": 9.883894716832069,
  "robustness_score": 0.994132870674624,
  "num_sub_tasks": 3
}