{
  "success_rate": 0.8950925492670969,
  "video_mse": 0.04985808301681116,
  "completion_time": 7.143713952972494,
  "robustness_score": 0.9302780487274303,
  "num_sub_tasks": 3
}