{
  "success_rate": 0.8922631095166235,
  "video_mse": 0.09359660127313824,
  "completion_time": 6.080709649952924,
  "robustness_score": 0.9951055620812828,
  "num_sub_tasks": 3
}