{
  "success_rate": 0.6,
  "action_l2_error": 0.1429570088622149,
  "video_mse": 0.015193495044550179,
  "completion_time": 4.356971753947437,
  "robustness_score": 0.857042991137785,
  "num_eval_steps": 10,
  "error_threshold": 0.12
}