{
  "success_rate": 1.0,
  "action_l2_error": 0.13617556068505307,
  "video_mse": 0.0075570243278297936,
  "completion_time": 2.1239407299086452,
  "robustness_score": 0.8638244393149469,
  "num_sub_tasks": 1,
  "sub_instructions": [
    "task_4661"
  ],
  "sub_task_assignments": [
    0,
    0,
    0,
    0,
    0
  ]
}