{
  "success_rate": 1.0,
  "action_l2_error": 0.1305277402758098,
  "video_mse": 0.00397348852040781,
  "completion_time": 2.1290452789515255,
  "robustness_score": 0.8694722597241902
}