{
  "tier": "L1",
  "method": "system1_mini_confirm",
  "num_episodes": 3,
  "success_rate": {
    "mean": 1.0,
    "std": 0.0,
    "ci_95": [
      1.0,
      1.0
    ]
  },
  "video_mse": {
    "mean": 0.005140075692457815,
    "std": 0.0012324318516156298
  },
  "completion_time": {
    "mean": 2.1114614934350056,
    "std": 0.006666466497970524
  },
  "robustness_score": {
    "mean": 0.8623157565601938,
    "std": 0.018944728905460978
  },
  "individual_results": [
    {
      "success_rate": 1.0,
      "action_l2_error": 0.11765353047714497,
      "video_mse": 0.0056460460913771975,
      "completion_time": 2.103937146998942,
      "robustness_score": 0.882346469522855
    },
    {
      "success_rate": 1.0,
      "action_l2_error": 0.13229077019244834,
      "video_mse": 0.006331503131366438,
      "completion_time": 2.1103042336180806,
      "robustness_score": 0.8677092298075517
    },
    {
      "success_rate": 1.0,
      "action_l2_error": 0.16310842964982553,
      "video_mse": 0.0034426778546298095,
      "completion_time": 2.1201430996879935,
      "robustness_score": 0.8368915703501745
    }
  ]
}