{
  "success_rate": 0.7951001178009155,
  "video_mse": 0.07804107513590673,
  "completion_time": 10.796166935741514,
  "robustness_score": 0.9905814421032131
}