{
  "success_rate": 1.0,
  "action_l2_error": 0.14208657442076292,
  "video_mse": 0.0015130149553441625,
  "completion_time": 2.322476236522198,
  "robustness_score": 0.8579134255792371
}