{
  "success_rate": 0.8941916297781778,
  "video_mse": 0.09614860611030608,
  "completion_time": 7.395085687467788,
  "robustness_score": 0.9543761577653597,
  "num_sub_tasks": 3
}