{
  "success_rate": 0.8422496650584634,
  "video_mse": 0.023372844685579708,
  "completion_time": 6.73165571374758,
  "robustness_score": 0.978795803785767,
  "num_sub_tasks": 3
}