{
  "success_rate": 0.8945722080657584,
  "video_mse": 0.010706727416008028,
  "completion_time": 10.113549332980455,
  "robustness_score": 0.9952534737131924
}