{
  "success_rate": 0.7015620070938586,
  "video_mse": 0.08075848375042255,
  "completion_time": 9.78697049844266,
  "robustness_score": 0.8709937379546469
}