{
  "success_rate": 0.8974028332255676,
  "video_mse": 0.06201416981186322,
  "completion_time": 8.316413094931885,
  "robustness_score": 0.9843281257986426,
  "num_sub_tasks": 3
}