{
  "success_rate": 0.922745934721704,
  "video_mse": 0.09240536407732756,
  "completion_time": 11.157545582532011,
  "robustness_score": 0.8694184562084643,
  "num_sub_tasks": 3
}