{
  "success_rate": 0.7975457874214533,
  "video_mse": 0.060808955357601266,
  "completion_time": 8.793562553128254,
  "robustness_score": 0.9355982555929276,
  "num_sub_tasks": 3
}