{
  "success_rate": 1.0,
  "action_l2_error": 0.15150806705834985,
  "video_mse": 0.0057334494120396245,
  "completion_time": 2.3309992833063005,
  "robustness_score": 0.8484919329416502
}