{
  "success_rate": 0.791386639913713,
  "video_mse": 0.09747958305589294,
  "completion_time": 9.046776800548997,
  "robustness_score": 0.9402199515967614
}