{
  "success_rate": 1.0,
  "action_l2_error": 0.10306461673194475,
  "video_mse": 0.0017058716162493028,
  "completion_time": 4.277613285835832,
  "robustness_score": 0.8969353832680552,
  "num_eval_steps": 10,
  "error_threshold": 0.18
}