{
  "success_rate": 1.0,
  "action_l2_error": 0.1027582669698898,
  "video_mse": 0.0023468891052845805,
  "completion_time": 4.851696603000164,
  "robustness_score": 0.8972417330301102,
  "num_sub_tasks": 1,
  "sub_instructions": [
    "task_3090"
  ],
  "sub_task_assignments": [
    0,
    0,
    0,
    0,
    0
  ]
}