{
  "success_rate": 0.7592590992328099,
  "video_mse": 0.012753580839631292,
  "completion_time": 8.774758781786419,
  "robustness_score": 0.9655350427476914,
  "num_sub_tasks": 3
}