{
  "success_rate": 0.9085505810763551,
  "video_mse": 0.07565221645423162,
  "completion_time": 8.673143237307482,
  "robustness_score": 0.8660533722640719,
  "num_sub_tasks": 3
}