{
  "success_rate": 0.9478341545330161,
  "video_mse": 0.08191472848007961,
  "completion_time": 11.380018783960255,
  "robustness_score": 0.8740666321191626,
  "num_sub_tasks": 3
}