{
  "success_rate": 1.0,
  "action_l2_error": 0.09439129044180988,
  "video_mse": 0.0009713760006733747,
  "completion_time": 3.868616774305701,
  "robustness_score": 0.9056087095581902,
  "num_sub_tasks": 1,
  "sub_instructions": [
    "task_3051"
  ],
  "sub_task_assignments": [
    0,
    0,
    0,
    0,
    0
  ]
}