{
  "success_rate": 0.8174108543087103,
  "video_mse": 0.09326659231185377,
  "completion_time": 7.815290853548497,
  "robustness_score": 0.9059633531270215
}