{
  "success_rate": 0.2,
  "action_l2_error": 0.13731112713334018,
  "video_mse": 0.005575791352259092,
  "completion_time": 2.126163554470986,
  "robustness_score": 0.8626888728666599,
  "num_eval_steps": 10,
  "error_threshold": 0.1
}