{
  "success_rate": 1.0,
  "action_l2_error": 0.10971653610264395,
  "video_mse": 0.004461460245514887,
  "completion_time": 2.1052670434117315,
  "robustness_score": 0.890283463897356,
  "num_sub_tasks": 1,
  "sub_instructions": [
    "task_2627"
  ],
  "sub_task_assignments": [
    0,
    0,
    0,
    0,
    0
  ]
}