{
  "success_rate": 0.7756635483243489,
  "video_mse": 0.03172381051767387,
  "completion_time": 6.212848304470659,
  "robustness_score": 0.9283621037517399
}